{
  "schema": "TTX25_RDM_v1",
  "sign_convention": {
    "v_gt_0": "compression",
    "v_lt_0": "rebound",
    "force_sign": "aligned_with_velocity"
  },
  "knots": {
    "LS": [
      0.0,
      2.0,
      4.0,
      6.0,
      10.0,
      15.0,
      25.0
    ],
    "HS": [
      0.0,
      1.0,
      2.0,
      3.0,
      4.3
    ]
  },
  "valves": [
    {
      "valve_key": "C11_R11",
      "compression": {
        "F0": 2.524214226508245e-19,
        "v0": 0.19466797278210463,
        "p": 1.2040997175884287
      },
      "rebound": {
        "F0": 4.0460528018057435e-16,
        "v0": 0.4630886617858658,
        "p": 0.9922947151483233
      }
    }
  ],
  "maps": {
    "LS_comp": {
      "c_ls": [
        7704.893562395451,
        6946.65121063186,
        6153.257760346544,
        5111.287649354223,
        3177.3144492130186,
        1256.043796429433,
        1.7178790572166794e-26
      ]
    },
    "LS_reb": {
      "c_ls": [
        10397.882676313102,
        9041.626997300335,
        7731.247117510457,
        6510.259462724241,
        3533.49204360429,
        1328.3482958066807,
        4.898138503040342e-26
      ]
    },
    "HS_comp": {
      "c_hs": [
        226.05575808931286,
        290.793939824606,
        314.22781216587407,
        280.6198944645061,
        660.2178274399092
      ],
      "v_k": [
        0.011463547151195085,
        0.02316373309549273,
        0.03395467722898719,
        0.0536744485450851,
        0.06697334242415778
      ]
    },
    "HS_reb": {
      "c_hs": [
        150.99028117261764,
        136.87834701120406,
        74.3526111690254,
        1.953475967828452e-14,
        461.80115354657306
      ],
      "v_k": [
        0.0038936172916608455,
        0.010496158853066722,
        0.019130686890129544,
        0.029820410974908236,
        0.03454935615781348
      ]
    }
  },
  "fit": {
    "continuation_vmax": [
      0.08,
      0.25,
      null
    ],
    "max_nfev_per_stage": [
      600,
      1200,
      2500
    ],
    "robust_loss": "linear",
    "robust_f_scale": 1.0,
    "v_weight_thresh": 0.05,
    "v_weight_gain": 5.0,
    "n_curves": 11,
    "n_valves": 1
  },
  "metrics": {
    "global": {
      "rmse_N": 31.51939289791602,
      "mae_N": 17.4138569865121,
      "weighted_rmse_N": 98.09729252359298,
      "nrmse": 0.06770832548441218,
      "normalized_weighted_rmse": 0.21072751727290343,
      "force_scale_N": 465.5172413793104
    },
    "per_curve": [
      {
        "file": "C11_R11_LS_0_0_HS_0_0.csv",
        "valve_id": 0,
        "LS_comp": 0.0,
        "LS_reb": 0.0,
        "HS_comp": 0.0,
        "HS_reb": 0.0,
        "rmse_N": 2.768796481787425,
        "mae_N": 1.3865179023623602,
        "weighted_rmse_N": 3.8195713200324923,
        "nrmse": 0.0271898744454892,
        "normalized_weighted_rmse": 0.03750859455016033,
        "force_scale_N": 101.83189655172418
      },
      {
        "file": "C11_R11_LS_0_0_HS_1_1.csv",
        "valve_id": 0,
        "LS_comp": 0.0,
        "LS_reb": 0.0,
        "HS_comp": 1.0,
        "HS_reb": 1.0,
        "rmse_N": 13.625771054713802,
        "mae_N": 6.503149469893934,
        "weighted_rmse_N": 14.632022391899103,
        "nrmse": 0.07677422913645662,
        "normalized_weighted_rmse": 0.08244393916018437,
        "force_scale_N": 177.4784482758621
      },
      {
        "file": "C11_R11_LS_0_0_HS_2_2.csv",
        "valve_id": 0,
        "LS_comp": 0.0,
        "LS_reb": 0.0,
        "HS_comp": 2.0,
        "HS_reb": 2.0,
        "rmse_N": 17.37685678198977,
        "mae_N": 7.9406334002008725,
        "weighted_rmse_N": 26.993508483225412,
        "nrmse": 0.07132055385376482,
        "normalized_weighted_rmse": 0.11079057620336143,
        "force_scale_N": 243.64444529720225
      },
      {
        "file": "C11_R11_LS_0_0_HS_3_3.csv",
        "valve_id": 0,
        "LS_comp": 0.0,
        "LS_reb": 0.0,
        "HS_comp": 3.0,
        "HS_reb": 3.0,
        "rmse_N": 42.93845485933592,
        "mae_N": 20.62129881816998,
        "weighted_rmse_N": 48.65644465208626,
        "nrmse": 0.12796045635665937,
        "normalized_weighted_rmse": 0.14500058008071945,
        "force_scale_N": 335.5603448275863
      },
      {
        "file": "C11_R11_LS_0_0_HS_4p3_4p3.csv",
        "valve_id": 0,
        "LS_comp": 0.0,
        "LS_reb": 0.0,
        "HS_comp": 4.3,
        "HS_reb": 4.3,
        "rmse_N": 69.31450473695246,
        "mae_N": 45.51279830155715,
        "weighted_rmse_N": 130.4950640907192,
        "nrmse": 0.14889782499049045,
        "normalized_weighted_rmse": 0.2803227302689523,
        "force_scale_N": 465.5172413793104
      },
      {
        "file": "C11_R11_LS_10_10_HS_4p3_4p3.csv",
        "valve_id": 0,
        "LS_comp": 10.0,
        "LS_reb": 10.0,
        "HS_comp": 4.3,
        "HS_reb": 4.3,
        "rmse_N": 40.01931256766031,
        "mae_N": 35.31292289670298,
        "weighted_rmse_N": 216.166833235552,
        "nrmse": 0.11469478006082777,
        "normalized_weighted_rmse": 0.6195310664689607,
        "force_scale_N": 348.92008639308847
      },
      {
        "file": "C11_R11_LS_15_15_HS_4p3_4p3.csv",
        "valve_id": 0,
        "LS_comp": 15.0,
        "LS_reb": 15.0,
        "HS_comp": 4.3,
        "HS_reb": 4.3,
        "rmse_N": 25.769579907669215,
        "mae_N": 21.586730033362063,
        "weighted_rmse_N": 149.55245336336083,
        "nrmse": 0.09343356457751412,
        "normalized_weighted_rmse": 0.5422369654110158,
        "force_scale_N": 275.80645161290323
      },
      {
        "file": "C11_R11_LS_25_25_HS_4p3_4p3.csv",
        "valve_id": 0,
        "LS_comp": 25.0,
        "LS_reb": 25.0,
        "HS_comp": 4.3,
        "HS_reb": 4.3,
        "rmse_N": 15.088296331735462,
        "mae_N": 13.518470336327958,
        "weighted_rmse_N": 88.52031888238318,
        "nrmse": 0.10213276610516839,
        "normalized_weighted_rmse": 0.5991945561775353,
        "force_scale_N": 147.73218142548598
      },
      {
        "file": "C11_R11_LS_2_2_HS_4p3_4p3.csv",
        "valve_id": 0,
        "LS_comp": 2.0,
        "LS_reb": 2.0,
        "HS_comp": 4.3,
        "HS_reb": 4.3,
        "rmse_N": 16.840339724691205,
        "mae_N": 12.462610943526945,
        "weighted_rmse_N": 68.90041064178584,
        "nrmse": 0.037997452692651215,
        "normalized_weighted_rmse": 0.1554624275202088,
        "force_scale_N": 443.1965442764578
      },
      {
        "file": "C11_R11_LS_4_4_HS_4p3_4p3.csv",
        "valve_id": 0,
        "LS_comp": 4.0,
        "LS_reb": 4.0,
        "HS_comp": 4.3,
        "HS_reb": 4.3,
        "rmse_N": 29.684395029650798,
        "mae_N": 17.762683964066007,
        "weighted_rmse_N": 73.68795054008795,
        "nrmse": 0.06957162692345392,
        "normalized_weighted_rmse": 0.17270321994462529,
        "force_scale_N": 426.6738660907127
      },
      {
        "file": "C11_R11_LS_6_6_HS_4p3_4p3.csv",
        "valve_id": 0,
        "LS_comp": 6.0,
        "LS_reb": 6.0,
        "HS_comp": 4.3,
        "HS_reb": 4.3,
        "rmse_N": 39.6449944490762,
        "mae_N": 29.596062281184427,
        "weighted_rmse_N": 134.8156120389258,
        "nrmse": 0.09997621149195143,
        "normalized_weighted_rmse": 0.33997618940099483,
        "force_scale_N": 396.5442764578833
      }
    ]
  }
}