{
    "FrUnsprung": {
        "mass": 7.81605790,
        "center_of_mass": [-0.00612980, 0.60174377, 0.19797979],
        "inertia": [[0.10580066, 0.00038293, 0.00058877],
                    [0.00038293, 0.16064008, -0.00075416],
                    [0.00058877, -0.00075416,  0.10801766]]
    },
    "FrUCA": {
        "mass": 0.55776965,
        "center_of_mass": [-0.00187916, 0.45854113, 0.25343195],
        "inertia": [[0.00700626, -0.00058434, -0.00010730],
                    [-0.00058434,  0.00116350,  0.00116272],
                    [-0.00010730,  0.00116272,  0.00762498]]
    },
    "FrLCA": {
        "mass": 0.51829050,
        "center_of_mass": [0.00803455, 0.40581792, 0.09882118],
        "inertia": [[0.00649759, -0.00017572, -0.00001824],
                    [-0.00017572,  0.00145437,  0.00068888],
                    [-0.00001824,  0.00068888,  0.00776251]]
    },
    "FrTie": {
        "mass": 0.13459415,
        "center_of_mass": [0.05709287, 0.34616483, 0.12813020],
        "inertia": [[0.00178949, -0.00000083, -0.00000010],
                    [-0.00000083,  0.00002994,  0.00021109],
                    [-0.0000001,   2.11e-4,      1.764e-3]]
    },
    "FrPushPull": {
        "mass": 0.13213340,
        "center_of_mass": [-0.00647691, 0.41524008, 0.28404398],
        "inertia": [[0.00146836, 0.00006195, -0.00008386],
                    [0.00006195,  0.00095939, -0.00069916],
                    [-0.00008386, -0.00069916,  0.0052775]]
    },
    "FrBellcrank": {
        "mass": 0.1144,
        "center_of_mass": [-0.0295, 0.2941, 0.3814],
        "inertia": [[0.0002, 0.0, 0.0],
                    [0.0, 0.00005, 0.0],
                    [0.0, 0.0, 0.0002]]
    },
    "FrShock": {
        "mass": 0.3227,
        "center_of_mass": [-0.0211, 0.2984, 0.5078],
        "inertia": [[0.0007, 0.0, 0.0],
                    [0.0, 0.0006, -0.0002],
                    [0.0, -0.0002,  0.0004]]
    },
    "FrStabar": {
        "mass": 0.80054682,
        "center_of_mass": [-0.08281405, 0.00000000, 0.13334037],
        "inertia": [[0.03682686, -0.00000003, 0.00067104],
                    [-0.00000003,  0.00394358,  0.0],
                    [  0.00067104,  0.0,         0.03481172]]
    },

    "RrUnsprung": {
        "mass": 7.35802418,
        "center_of_mass": [-1.54948701, 0.60559861, 0.20104023],
        "inertia": [[0.10429603, 0.00008706, 0.00004516],
                    [0.00008706,  0.15655532, -0.00147057],
                    [0.00004516, -0.00147057,  0.10327132]]
    },
    "RrUCA": {
        "mass": 0.34927896,
        "center_of_mass": [-1.47556121, 0.42263392, 0.27196898],
        "inertia": [[0.00248293, -0.00169357, -0.00031129],
                    [-0.00169357,  0.00276385,  0.00045612],
                    [-0.00031129,  0.00045612,  0.00504556]]
    },
    "RrLCA": {
        "mass": 0.46311564,
        "center_of_mass": [-1.47625848, 0.43011350, 0.10156115],
        "inertia": [[0.00434917, -0.00226155, -0.00022680],
                    [-0.00226155,  0.00268231,  0.00042397],
                    [-0.00022680,  0.00042397,  0.0069183]]
    },
    "RrTie": {
        "mass": 0.13293714,
        "center_of_mass": [-1.40704567, 0.39979876, 0.18668273],
        "inertia": [[0.00146339, -0.00039766, -0.00006025],
                    [-0.00039766,  0.00014812,  0.0002161],
                    [-0.00006025,  0.0002161,   0.00154153]]
    },
    "RrPushPull": {
        "mass": 0.12876397,
        "center_of_mass": [-1.45952523, 0.40988917, 0.15435368],
        "inertia": [[0.00086923, -0.00028677, -0.00034408],
                    [-0.00028677,  0.00074649,  0.00042518],
                    [-0.00034408,  0.00042518,  0.005933]]
    },
    "RrBellcrank": {
        "mass": 0.07803865,
        "center_of_mass": [-1.41222715, 0.32119610, 0.10888523],
        "inertia": [[0.00008564, -0.00002211, -0.00001137],
                    [-0.00002211,  0.00004914,  0.00001422],
                    [-0.00001137,  0.00001422,  7.959e-5]]
    },
    "RrShock": {
        "mass": 0.39967795,
        "center_of_mass": [-1.47256593, 0.30651588, 0.27889458],
        "inertia": [[0.00225533, 0.00013562, -0.00045208],
                    [0.00013562,  0.00199361, -0.00070199],
                    [-0.00045208, -0.00070199,  0.0006078]]
    },
    "RrStabar": {
        "mass": 0.70721270,
        "center_of_mass": [-1.39977440, 0.00000000, 0.39073492],
        "inertia": [[0.04079278, 0.00000162, 0.00025813],
                    [0.00000162,  0.00304082, -0.00000075],
                    [  0.00025813, -0.0000075,   3.813774e-2]]
    }
}