{
    "Hardpoints": {
        "Front": {
            "left": {
                "upper": {
                    "fore_i": [0.086868, 0.215900, 0.200000],
                    "aft_i": [-0.095250, 0.215900, 0.200000],
                    "outboard": [-0.006347, 0.523240, 0.287020]
                },
                "lower": {
                    "fore_i": [0.087376, 0.215900, 0.090000],
                    "aft_i": [-0.095250, 0.215900, 0.090000],
                    "outboard": [0, 0.556499, 0.124998]
                },
                "tie": {
                    "inboard": [0.041128, 0.215900, 0.117856],
                    "outboard": [0.056000, 0.532333, 0.164821]
                },
                "tire": {
                    "contact_patch": [0, 0.609600, 0]
                }
            },
            "right": {
                "upper": {
                    "fore_i": [],
                    "aft_i": [],
                    "outboard": []
                },
                "lower": {
                    "fore_i": [],
                    "aft_i": [],
                    "outboard": []
                },
                "tie": {
                    "inboard": [],
                    "outboard": []
                },
                "tire": {
                    "contact_patch": []
                }
            }
        }
    }
}