{
    "Front": {
            "left": {
                "upper": {
                    "fore_i": [0.1016, 0.237744, 0.2143252],
                    "fore_i_c": [1e9, 1e9, 1e9],
                    "fore_i_d": [1e9, 1e9, 1e9],
                    "aft_i": [-0.0680974, 0.2356358, 0.215138],
                    "aft_i_c": [1e9, 1e9, 1e9],
                    "aft_i_d": [1e9, 1e9, 1e9],
                    "outboard": [-0.0092964, 0.5420106, 0.2679954]
                },
                "lower": {
                    "fore_i": [0.1016, 0.226314, 0.08001],
                    "fore_i_c": [1e9, 1e9, 1e9],
                    "fore_i_d": [1e9, 1e9, 1e9],
                    "aft_i": [-0.0762, 0.226314, 0.08001],
                    "aft_i_c": [1e9, 1e9, 1e9],
                    "aft_i_d": [1e9, 1e9, 1e9],
                    "outboard": [0.0029972, 0.562991, 0.1139952]
                },
                "tie": {
                    "inboard": [0.05715, 0.2260092, 0.1137158],
                    "inboard_c": [1e9, 1e9, 1e9],
                    "inboard_d": [1e9, 1e9, 1e9],
                    "outboard": [0.0569976, 0.546989, 0.1522222]
                },
                "bellcrank": {
                    "pivot": [-0.042144464098, 0.250754351932, 0.370010000136],
                    "pivot_ref": [-0.017822781728, 0.244001173922, 0.36717974316],
                    "pickup_1": [-0.029010173628, 0.2971411507, 0.37219698865],
                    "pickup_2": [-0.014493326106, 0.348410770284, 0.374614186762],
                    "pickup_3": [-0.01102742905, 0.34553503283, 0.411259910778]
                },
                "push/pull rod": {
                    "LCA_mount": [0.006762552642, 0.525610676234, 0.134465050856],
                    "shock_mount": [-0.020673469702, 0.247847085458, 0.561456926868]
                },
                "tire": {
                    "wheel_center": [0, 0.606110767456, 0.199898],
                    "static_gamma": 0,
                    "static_alpha": 0
                }
            }
        }
}