{
    "Front": {
            "left": {
                "upper": {
                    "fore_i": [0.1016, 0.237744, 0.2143252],
                    "aft_i": [-0.0680974, 0.2356358, 0.215138],
                    "outboard": [-0.0092964, 0.5420106, 0.2679954]
                },
                "lower": {
                    "fore_i": [0.1016, 0.226314, 0.08001],
                    "aft_i": [-0.0762, 0.226314, 0.08001],
                    "outboard": [0.0029972, 0.562991, 0.1139952]
                },
                "tie": {
                    "inboard": [0.05715, 0.2260092, 0.1137158],
                    "outboard": [0.0569976, 0.546989, 0.1522222]
                },
                "bellcrank": {
                    "pivot": [-0.042144464098, 0.250754351932, 0.370010000136],
                    "pivot_ref": [-0.017822781728, 0.244001173922, 0.36717974316],
                    "pickup_1": [-0.029010173628, 0.2971411507, 0.37219698865],
                    "pickup_2": [-0.014493326106, 0.348410770284, 0.374614186762],
                    "pickup_3": [-0.01102742905, 0.34553503283, 0.411259910778]
                },
                "push/pull rod": {
                    "LCA_mount": [0.006762552642, 0.525610676234, 0.134465050856],
                    "shock_mount": [-0.020673469702, 0.247847085458, 0.561456926868]
                },
                "shock": {
                    "spring_table": [[], []],
                    "damper_table": [[], []]
                },
                "tire": {
                    "wheel_center": [0, 0.606110767456, 0.199898],
                    "static_gamma": 0,
                    "static_alpha": 0
                }
            }
        },
    "Rear": {
        "left": {
            "upper": {
                "fore_i": [-1.27914400, 0.29723080, 0.24823420],
                "aft_i": [-1.49938740, 0.28384500, 0.24343360],
                "outboard": [-1.55407360, 0.52677060, 0.29464000]
            },
            "lower": {
                "fore_i": [-1.31422140, 0.28346400, 0.08686800],
                "aft_i": [-1.49981920, 0.28351480, 0.08722360],
                "outboard": [-1.55448000, 0.57658000, 0.11607800]
            },
            "tie": {
                "inboard": [-1.37634980, 0.28971240, 0.17000220],
                "outboard": [-1.45796000, 0.58239660, 0.21435060]
            },
            "bellcrank": {
                "pivot": [-1.39886851, 0.29230126, 0.10160000],
                "pivot_ref": [-1.38477210, 0.29710676, 0.10709675],
                "pickup_1": [-1.41267566, 0.35197317, 0.08484064],
                "pickup_2": [-1.43801295, 0.36137285, 0.14160048],
                "pickup_3": [-1.41346984, 0.31057564, 0.12306883]
            },
            "push/pull rod": {
                "UCA_mount": [-1.53509479, 0.50330883, 0.26648017],
                "shock_mount": [-1.50192144, 0.28884688, 0.36889916]
            },
            "tire": {
                "wheel_center": [-1.54940000, 0.60611077, 0.19989800],
                "static_gamma": 0,
                "static_alpha": 0
            }
        }
    }
}