{
  "schema": "TTX25_RDM_runtime_v1",

  "sign_convention": {
    "v_gt_0": "compression",
    "v_lt_0": "rebound",
    "force_sign": "aligned_with_velocity"
  },

  "knots": {
    "LS": [0, 2, 4, 6, 10, 15, 25],
    "HS": [0, 1, 2, 3, 4.3]
  },

  "valves": [
    {
      "compression": {
        "F0": 2.524214226508245e-19,
        "v0": 0.19466797278210463,
        "p": 1.2040997175884287
      },
      "rebound": {
        "F0": 4.0460528018057435e-16,
        "v0": 0.4630886617858658,
        "p": 0.9922947151483233
      }
    }
  ],

  "maps": {
    "LS_comp": {
      "c_ls": [
        7704.893562395451,
        6946.65121063186,
        6153.257760346544,
        5111.287649354223,
        3177.3144492130186,
        1256.043796429433,
        1.7178790572166794e-26
      ]
    },
    "LS_reb": {
      "c_ls": [
        10397.882676313102,
        9041.626997300335,
        7731.247117510457,
        6510.259462724241,
        3533.49204360429,
        1328.3482958066807,
        4.898138503040342e-26
      ]
    },
    "HS_comp": {
      "c_hs": [
        226.05575808931286,
        290.793939824606,
        314.22781216587407,
        280.6198944645061,
        660.2178274399092
      ],
      "v_k": [
        0.011463547151195085,
        0.02316373309549273,
        0.03395467722898719,
        0.0536744485450851,
        0.06697334242415778
      ]
    },
    "HS_reb": {
      "c_hs": [
        150.99028117261764,
        136.87834701120406,
        74.3526111690254,
        1.953475967828452e-14,
        461.80115354657306
      ],
      "v_k": [
        0.0038936172916608455,
        0.010496158853066722,
        0.019130686890129544,
        0.029820410974908236,
        0.03454935615781348
      ]
    }
  }
}
