{
    "FrUnsprung": {
        "mass": 7.81605790,
        "center_of_mass": [-0.00612980, 0.60174377, 0.19797979],
        "inertia": [[0.10580066, 0.00038293, 0.00058877],
                    [0.00038293, 0.16064008, -0.00075416],
                    [0.00058877, -0.00075416,  0.10801766]]
    },
    "FrUCA": {
        "mass": 0.55776965,
        "center_of_mass": [-0.00187916, 0.45854113, 0.25343195],
        "inertia": [[0.00700626, -0.00058434, -0.00010730],
                    [-0.00058434,  0.00116350,  0.00116272],
                    [-0.00010730,  0.00116272,  0.00762498]]
    },
    "FrLCA": {
        "mass": 0.51829050,
        "center_of_mass": [0.00803455, 0.40581792, 0.09882118],
        "inertia": [[0.00649759, -0.00017572, -0.00001824],
                    [-0.00017572,  0.00145437,  0.00068888],
                    [-0.00001824,  0.00068888,  0.00776251]]
    },
    "FrTie": {
        "mass": 0.13459415,
        "center_of_mass": [0.05709287, 0.34616483, 0.12813020],
        "inertia": [[0.00178949, -0.00000083, -0.00000010],
                    [-0.00000083,  0.00002994,  0.00021109],
                    [-0.0000001,   2.11e-4,      1.764e-3]]
    },
    "FrPushPull": {
        "mass": 0.13213340,
        "center_of_mass": [-0.00647691, 0.41524008, 0.28404398],
        "inertia": [[0.00146836, 0.00006195, -0.00008386],
                    [0.00006195,  0.00095939, -0.00069916],
                    [-0.00008386, -0.00069916,  0.0052775]]
    },
    "FrBellcrank": {
        "mass": 0.1144,
        "center_of_mass": [-0.0295, 0.2941, 0.3814],
        "inertia": [[0.0002, 0.0, 0.0],
                    [0.0, 0.00005, 0.0],
                    [0.0, 0.0, 0.0002]]
    },
    "FrShock": {
        "mass": 0.3227,
        "center_of_mass": [-0.0211, 0.2984, 0.5078],
        "inertia": [[0.0007, 0.0, 0.0],
                    [0.0, 0.0006, -0.0002],
                    [0.0, -0.0002,  0.0004]]
    },
    "FrStabar": {
        "mass": 0.80054682,
        "center_of_mass": [-0.08281405, 0.00000000, 0.13334037],
        "inertia": [[0.03682686, -0.00000003, 0.00067104],
                    [-0.00000003,  0.00394358,  0.0],
                    [  0.00067104,  0.0,         0.03481172]]
    },

    "RrUnsprung": {
        "mass": 7.81605790,
        "center_of_mass": [-0.00612980, 0.60174377, 0.19797979],
        "inertia": [[3.24231873, -0.02844717, -0.00889662],
                    [-0.02844717, 0.46729195, 0.93039709],
                    [-0.00889662, 0.93039709, 2.93847123]]
    },
    "RrUCA": {
        "mass": 0.55776965,
        "center_of_mass": [-0.00187916, 0.45854113, 0.25343195],
        "inertia": [[0.16010718, -0.00106496, -0.00037293],
                    [-0.00106496, 0.03698976, 0.06598056],
                    [-0.00037293, 0.06598056, 0.12490358]]
    },
    "RrLCA": {
        "mass": 0.51829050,
        "center_of_mass": [0.00803455, 0.40581792, 0.09882118],
        "inertia": [[0.09691535, 0.00151420, 0.00039327],
                    [0.00151420, 0.00654926, 0.02147410],
                    [0.00039327, 0.02147410, 0.09315229]]
    },
    "RrTie": {
        "mass": 0.13459415,
        "center_of_mass": [0.05709287, 0.34616483, 0.12813020],
        "inertia": [[0.02012760, 0.00265922, 0.00098450],
                    [0.00265922, 0.00267834, 0.00618090],
                    [0.00098450, 0.00618090, 0.01833132]]
    },
    "RrPushPull": {
        "mass": 0.12345678,
        "center_of_mass": [0.00384464, 0.38672888, 0.34796099],
        "inertia": [[0.01000000, 0, 0],
                    [0, 0.01000000, 0],
                    [0, 0, 0.01000000]]
    },
    "RrBellcrank": {
        "mass": 0.23456789,
        "center_of_mass": [-0.02500000, 0.30000000, 0.35000000],
        "inertia": [[0.01500000, 0, 0],
                    [0, 0.01500000, 0],
                    [0, 0, 0.01500000]]
    },
    "RrShock": {
        "mass": 1.23456789,
        "center_of_mass": [-0.01000000, 0.40000000, 0.50000000],
        "inertia": [[0.05000000, 0, 0],
                    [0, 0.05000000, 0],
                    [0, 0, 0.05000000]]
    },
    "RrStabar": {
        "mass": 1,
        "center_of_mass": [-0.01000000, 0.40000000, 0.50000000],
        "inertia": [[0, 0, 0],
                    [0, 0, 0],
                    [0, 0, 0]]
    }
}